Depth,ID,Title,Popularity,Occurency
0,Abka5UuvoB4,Parov Stelar - Milla's Dream,100,2
1,knq2egNR9Bs,Parov Stelar - The Princess,208.4,1
2,KOntBbHmXSc,Parov Stelar - Milla's Dream,1554.6,2
3,hhyqz23neCY,Parov Stelar - All Night (Extended Club Version) [HD 720],2089.8,1
4,owUavO_aovM,Parov Stelar Megamix,281.8,18
5,o4_1hS1aIC8,Best of Gramatik HD,878.2,15
6,FijBkSvN6N8,Gramatik - Street Bangerz Vol. 3 FULL ALBUM,463.3,11
6,DonHa4pySsM,Gorillaz - Best Songs Compilation,1974.4,13
5,OwWT43Eb3IM,Swing and Electro Swing Collection,9391.0,10
6,C6-TWRn0k4I,Electro Swing Collection,1771.6,7
6,owUavO_aovM,Parov Stelar Megamix,281.8,18
4,5ueJ4-lTa1s,Parov Stelar - All Night (JSM),23381.3,5
5,owUavO_aovM,Parov Stelar Megamix,281.8,18
6,o4_1hS1aIC8,Best of Gramatik HD,878.2,15
6,OwWT43Eb3IM,Swing and Electro Swing Collection,9391.0,10
5,twqM56f_cVo,Parov Stelar - Catgroove (TSC - Forsythe),102983.7,6
6,fpEmIUFXJK0,Parov Stelar - Matilda,4240.7,3
6,owUavO_aovM,Parov Stelar Megamix,281.8,18
3,nH0PoYx99Ws,Parov Stelar - Lets Roll,787.6,1
4,rUVyg7Xm0dQ,Parov Stelar - Baska Brother,1220.4,1
5,fvL0z7UlvD0,Parov Stelar - Hotel Axos (Original Mix),208.4,1
6,l4hmAvNQN6o,Parov Stelar - Monster,2136.2,1
6,ZKGZRq2UiIc,Parov Stelar - Pure And Sweet,139.0,1
5,7fkOqXAHLKQ,Parov Stelar - JimmyÂ´s Gang (Official Video),5910.1,1
6,owUavO_aovM,Parov Stelar Megamix,281.8,18
6,twqM56f_cVo,Parov Stelar - Catgroove (TSC - Forsythe),102983.7,6
4,Eco4z98nIQY,Parov Stelar - Booty Swing,10524.2,1
5,twqM56f_cVo,Parov Stelar - Catgroove (TSC - Forsythe),102983.7,6
6,fpEmIUFXJK0,Parov Stelar - Matilda,4240.7,3
6,owUavO_aovM,Parov Stelar Megamix,281.8,18
5,5ueJ4-lTa1s,Parov Stelar - All Night (JSM),23381.3,5
6,owUavO_aovM,Parov Stelar Megamix,281.8,18
6,twqM56f_cVo,Parov Stelar - Catgroove (TSC - Forsythe),102983.7,6
2,ezswBxBZhBc,Parov Stelar - The Sun ft. Graham Candy,42.9,3
3,AVtciL77qlo,Parov Stelar - Beatbuddy Swing ft. TSC - Forsythe,59.6,2
4,ezswBxBZhBc,Parov Stelar - The Sun ft. Graham Candy,42.9,3
5,AVtciL77qlo,Parov Stelar - Beatbuddy Swing ft. TSC - Forsythe,59.6,2
6,ezswBxBZhBc,Parov Stelar - The Sun ft. Graham Candy,42.9,3
6,NHsOIpnN_o0,Parov Stelar Clap Your Hands EP 2014 New,30.8,5
5,5ueJ4-lTa1s,Parov Stelar - All Night (JSM),23381.3,5
6,owUavO_aovM,Parov Stelar Megamix,281.8,18
6,twqM56f_cVo,Parov Stelar - Catgroove (TSC - Forsythe),102983.7,6
4,--kgXEbP8Tg,Parov Stelar (feat Billy Kern) - Nowhere,208.6,1
5,nzOYgeaEklA,Parov Stelar - Heavens Radio (feat. Y'Akoto),101.8,1
6,NHsOIpnN_o0,Parov Stelar Clap Your Hands EP 2014 New,30.8,5
6,b7_sndttWAM,Parov Stelar - You got me there,9.4,1
5,-BsAl6HVZ-Y,Parov Stelar - The Mojo Radio Gang,13196.6,1
6,LL6PacOIUf4,Parov Stelar - Catgroove,1947.0,1
6,OwWT43Eb3IM,Swing and Electro Swing Collection,9391.0,10
3,5ueJ4-lTa1s,Parov Stelar - All Night (JSM),23381.3,5
4,owUavO_aovM,Parov Stelar Megamix,281.8,18
5,o4_1hS1aIC8,Best of Gramatik HD,878.2,15
6,FijBkSvN6N8,Gramatik - Street Bangerz Vol. 3 FULL ALBUM,463.3,11
6,DonHa4pySsM,Gorillaz - Best Songs Compilation,1974.4,13
5,OwWT43Eb3IM,Swing and Electro Swing Collection,9391.0,10
6,C6-TWRn0k4I,Electro Swing Collection,1771.6,7
6,owUavO_aovM,Parov Stelar Megamix,281.8,18
4,twqM56f_cVo,Parov Stelar - Catgroove (TSC - Forsythe),102983.7,6
5,fpEmIUFXJK0,Parov Stelar - Matilda,4240.7,3
6,TeVTzPkqKeo,Parov Stelar - Love,4044.9,1
6,5ueJ4-lTa1s,Parov Stelar - All Night (JSM),23381.3,5
5,owUavO_aovM,Parov Stelar Megamix,281.8,18
6,o4_1hS1aIC8,Best of Gramatik HD,878.2,15
6,OwWT43Eb3IM,Swing and Electro Swing Collection,9391.0,10
1,fTe4iIvpR0I,Parov Stelar Trio - The Invisible Girl (2013),73.6,3
2,NHsOIpnN_o0,Parov Stelar Clap Your Hands EP 2014 New,30.8,5
3,o4_1hS1aIC8,Best of Gramatik HD,878.2,15
4,FijBkSvN6N8,Gramatik - Street Bangerz Vol. 3 FULL ALBUM,463.3,11
5,o4_1hS1aIC8,Best of Gramatik HD,878.2,15
6,FijBkSvN6N8,Gramatik - Street Bangerz Vol. 3 FULL ALBUM,463.3,11
6,DonHa4pySsM,Gorillaz - Best Songs Compilation,1974.4,13
5,KTuKTt_CecU,Gramatik - Street Bangerz Vol. 2 FULL ALBUM,111.9,2
6,o4_1hS1aIC8,Best of Gramatik HD,878.2,15
6,pYmel9dPL4k,Gramatik - Street Bangerz Vol. 1 FULL ALBUM,332.0,2
4,DonHa4pySsM,Gorillaz - Best Songs Compilation,1974.4,13
5,DfrSd8toss8,Linkin Park - The Best Songs,8878.8,2
6,wXQ2W6yhVAE,System Of A Down   Top 30  The Greatest Hits (full audio)HQ HD,326.5,2
6,DonHa4pySsM,Gorillaz - Best Songs Compilation,1974.4,13
5,o4_1hS1aIC8,Best of Gramatik HD,878.2,15
6,FijBkSvN6N8,Gramatik - Street Bangerz Vol. 3 FULL ALBUM,463.3,11
6,DonHa4pySsM,Gorillaz - Best Songs Compilation,1974.4,13
3,fTe4iIvpR0I,Parov Stelar Trio - The Invisible Girl (2013),73.6,3
4,NHsOIpnN_o0,Parov Stelar Clap Your Hands EP 2014 New,30.8,5
5,o4_1hS1aIC8,Best of Gramatik HD,878.2,15
6,FijBkSvN6N8,Gramatik - Street Bangerz Vol. 3 FULL ALBUM,463.3,11
6,DonHa4pySsM,Gorillaz - Best Songs Compilation,1974.4,13
5,fTe4iIvpR0I,Parov Stelar Trio - The Invisible Girl (2013),73.6,3
6,owUavO_aovM,Parov Stelar Megamix,281.8,18
6,NHsOIpnN_o0,Parov Stelar Clap Your Hands EP 2014 New,30.8,5
4,owUavO_aovM,Parov Stelar Megamix,281.8,18
5,o4_1hS1aIC8,Best of Gramatik HD,878.2,15
6,FijBkSvN6N8,Gramatik - Street Bangerz Vol. 3 FULL ALBUM,463.3,11
6,DonHa4pySsM,Gorillaz - Best Songs Compilation,1974.4,13
5,OwWT43Eb3IM,Swing and Electro Swing Collection,9391.0,10
6,C6-TWRn0k4I,Electro Swing Collection,1771.6,7
6,owUavO_aovM,Parov Stelar Megamix,281.8,18
2,owUavO_aovM,Parov Stelar Megamix,281.8,18
3,o4_1hS1aIC8,Best of Gramatik HD,878.2,15
4,FijBkSvN6N8,Gramatik - Street Bangerz Vol. 3 FULL ALBUM,463.3,11
5,o4_1hS1aIC8,Best of Gramatik HD,878.2,15
6,FijBkSvN6N8,Gramatik - Street Bangerz Vol. 3 FULL ALBUM,463.3,11
6,DonHa4pySsM,Gorillaz - Best Songs Compilation,1974.4,13
5,KTuKTt_CecU,Gramatik - Street Bangerz Vol. 2 FULL ALBUM,111.9,2
6,o4_1hS1aIC8,Best of Gramatik HD,878.2,15
6,pYmel9dPL4k,Gramatik - Street Bangerz Vol. 1 FULL ALBUM,332.0,2
4,DonHa4pySsM,Gorillaz - Best Songs Compilation,1974.4,13
5,DfrSd8toss8,Linkin Park - The Best Songs,8878.8,2
6,wXQ2W6yhVAE,System Of A Down   Top 30  The Greatest Hits (full audio)HQ HD,326.5,2
6,DonHa4pySsM,Gorillaz - Best Songs Compilation,1974.4,13
5,o4_1hS1aIC8,Best of Gramatik HD,878.2,15
6,FijBkSvN6N8,Gramatik - Street Bangerz Vol. 3 FULL ALBUM,463.3,11
6,DonHa4pySsM,Gorillaz - Best Songs Compilation,1974.4,13
3,OwWT43Eb3IM,Swing and Electro Swing Collection,9391.0,10
4,C6-TWRn0k4I,Electro Swing Collection,1771.6,7
5,bACG4VZ-3nw,Electro Swing Collection 2,551.1,1
6,OwWT43Eb3IM,Swing and Electro Swing Collection,9391.0,10
6,C6-TWRn0k4I,Electro Swing Collection,1771.6,7
5,OwWT43Eb3IM,Swing and Electro Swing Collection,9391.0,10
6,C6-TWRn0k4I,Electro Swing Collection,1771.6,7
6,owUavO_aovM,Parov Stelar Megamix,281.8,18
4,owUavO_aovM,Parov Stelar Megamix,281.8,18
5,o4_1hS1aIC8,Best of Gramatik HD,878.2,15
6,FijBkSvN6N8,Gramatik - Street Bangerz Vol. 3 FULL ALBUM,463.3,11
6,DonHa4pySsM,Gorillaz - Best Songs Compilation,1974.4,13
5,OwWT43Eb3IM,Swing and Electro Swing Collection,9391.0,10
6,C6-TWRn0k4I,Electro Swing Collection,1771.6,7
6,owUavO_aovM,Parov Stelar Megamix,281.8,18
